Id,Symbol,Name,Categories,Description,Homepage,White paper,Blockchain site,Large,added
basesafe,safe,BaseSafe,Base Ecosystem,"The Base Safe $SAFE token project introduces a novel cryptocurrency ecosystem centered around the $SAFE token and the BaseSafe DApp. The purpose of the project is to provide a sustainable and potentially profitable investment opportunity for users through innovative tokenomics and arbitrage mechanisms.

Key features of the project include:

$SAFE Token: A cryptocurrency operating on the Base Chain with a unique approach to increasing its value over time.

BaseSafe DApp: A decentralized application acting as a digital piggy bank, collecting ETH from swap taxes. The value of $SAFE tokens is determined by dividing the total ETH in the DApp by the number of $SAFE tokens in circulation.

Token Burn and ETH Return: Selling $SAFE tokens to the DApp results in token burning and ETH payout, potentially maintaining or increasing the value per token.

Arbitrage Opportunities: Price discrepancies between Uniswap and the DApp incentivize users to engage in arbitrage, buying low and selling high to support the token's value.

Base Chain Integration: Built on the Base Chain to leverage low transaction fees, enhancing the efficiency of trading and arbitrage strategies.

Overall, the Base Safe $SAFE token project offers a transparent and accessible entry point into cryptocurrency investment, catering to both beginners and experienced investors. Through its innovative tokenomics and strategic mechanisms, it aims to sustain and potentially increase the value of the $SAFE token over time.",https://basesafe.org/,,https://basescan.org/token/0xBd15d0c77133d3200756dC4D7a4F577Dbb2cf6A3,https://assets.coingecko.com/coins/images/36796/large/base200x.png?1712434456,2024/04/07 00:05:22
bunkee,bunk,Bunkee,Solana Ecosystem,helo i am bunkee teh coolest monkey in the jungleðŸŒ´,https://bunkeesol.xyz/,,https://solscan.io/account/2nhjjqSkA8FYCUdJvQhYjbtZdPjZbNo8VtNKTkJ3hncb,https://assets.coingecko.com/coins/images/36794/large/Bun_8.png.jpg?1712433745,2024/04/07 00:05:22
grok-cat,grokcat,Grok Cat,BNB Chain Ecosystem,"A groundbreaking innovation inspired by the genius of Elon Musk and powered by the latest AI technology
",https://www.babygrok.ai/,,https://bscscan.com/token/0x4615c8e2db74517a34712c9bdea5c418d999014b,https://assets.coingecko.com/coins/images/36797/large/0x4615c8e2db74517a34712c9bdea5c418d999014b_%281%29.png?1712434697,2024/04/07 00:05:23
nodifiai,nodifi,NodifiAI,Ethereum Ecosystem,"Nodifi.ai stands as a beacon of innovation in the rapidly evolving realm of decentralized finance (DeFi), offering a revolutionary protocol designed to reshape blockchain infrastructure. At its core, Nodifi.ai prioritizes two fundamental principles: speed and security. Through meticulous engineering and state-of-the-art technology, Nodifi.ai ensures unparalleled access speed to blockchain data and transaction capabilities while prioritizing user anonymity to safeguard privacy and security. By integrating artificial intelligence (AI) with blockchain technology, Nodifi.ai enhances efficiency, scalability, and user experience, unlocking new possibilities for DeFi applications and services. With a comprehensive suite of advanced features tailored to meet the diverse needs of users, Nodifi.ai empowers developers, traders, and enthusiasts alike to navigate the complexities of blockchain technology with confidence and ease.

Moreover, Nodifi.ai fosters a vibrant and supportive community where users can collaborate, share insights, and drive innovation in the DeFi ecosystem. By providing user-friendly interfaces, comprehensive support, and community engagement initiatives, Nodifi.ai ensures that its infrastructure is accessible to users worldwide, irrespective of technical expertise. Through its unwavering commitment to innovation, accessibility, security, and community engagement, Nodifi.ai is poised to redefine the landscape of decentralized finance, empowering individuals and organizations to participate in the decentralized financial revolution with confidence and ease.",https://nodifi.ai,https://nodifi-ai.gitbook.io/nodifi.ai/,https://etherscan.io/token/0xC4727c419AcfB49c8660736506ca023A4e8509E0,https://assets.coingecko.com/coins/images/36795/large/dexcreener_%281%29.png?1712434294,2024/04/07 00:05:23
